[{"model": "auctions.user", "pk": 1, "fields": {"password": "pbkdf2_sha256$216000$U9gvSFeG6I9B$LMpwy1YRR/w0WxMprMenxzDcQYfgOKdJO4jfVt8wmU0=", "last_login": "2020-09-27T15:35:40.338Z", "is_superuser": false, "username": "Julia", "first_name": "", "last_name": "", "email": "julia@email.com", "is_staff": false, "is_active": true, "date_joined": "2020-09-26T23:59:13.161Z", "groups": [], "user_permissions": []}}, {"model": "auctions.user", "pk": 2, "fields": {"password": "pbkdf2_sha256$216000$opoc7YCmDFmO$VoUaM3ZPofSI6Q19Qtezqp0prIT6psJrq1/CAuCko/M=", "last_login": "2020-10-19T17:13:38.995Z", "is_superuser": true, "username": "bilo", "first_name": "", "last_name": "", "email": "bilo@email.com", "is_staff": true, "is_active": true, "date_joined": "2020-09-27T15:16:48.916Z", "groups": [], "user_permissions": []}}, {"model": "auctions.user", "pk": 4, "fields": {"password": "pbkdf2_sha256$216000$CZ0YDgqEcCkP$+/+pvnHBP/8/y699HojaLdPg5YuGEQzNmyMwDUXcMs4=", "last_login": "2020-10-19T17:00:04.823Z", "is_superuser": false, "username": "Ana", "first_name": "", "last_name": "", "email": "ana@email.com", "is_staff": false, "is_active": true, "date_joined": "2020-09-29T01:31:52.608Z", "groups": [], "user_permissions": []}}, {"model": "auctions.user", "pk": 5, "fields": {"password": "pbkdf2_sha256$216000$i7LCYkv25iR0$WrrJfJ/Gg77rCpxTvGgl3ceBF/urjaIj35uJvLwc/Qk=", "last_login": "2020-10-19T17:01:47.440Z", "is_superuser": false, "username": "Evita", "first_name": "", "last_name": "", "email": "evita@email.com", "is_staff": false, "is_active": true, "date_joined": "2020-09-30T22:06:34.905Z", "groups": [], "user_permissions": []}}, {"model": "auctions.user", "pk": 6, "fields": {"password": "pbkdf2_sha256$216000$4NRRjMzja5kn$OqO+em8LF8LWjVNwSxGnfsu6y5EB3C5kx9dalBlMRW0=", "last_login": "2020-10-03T23:33:50.159Z", "is_superuser": false, "username": "Onilda", "first_name": "", "last_name": "", "email": "onilda@email.com", "is_staff": false, "is_active": true, "date_joined": "2020-10-03T23:33:49.925Z", "groups": [], "user_permissions": []}}, {"model": "auctions.user", "pk": 7, "fields": {"password": "pbkdf2_sha256$216000$G98RubznazPn$veqI0QYnavLAmvbUcA1a2nfwYlog5Vvf/A6tCdA+Osc=", "last_login": "2020-10-09T17:06:00.344Z", "is_superuser": false, "username": "Carol", "first_name": "", "last_name": "", "email": "carolcarol@gmail.com", "is_staff": false, "is_active": true, "date_joined": "2020-10-09T17:06:00.111Z", "groups": [], "user_permissions": []}}, {"model": "auctions.user", "pk": 8, "fields": {"password": "pbkdf2_sha256$216000$XCBlQQDCYAoB$JFcxzbyZIJuO9hVP9hZwT4qKS+TXzhi1GW5xYHZPQUg=", "last_login": "2020-10-10T22:34:54.510Z", "is_superuser": false, "username": "Andrew", "first_name": "", "last_name": "", "email": "andrew-drew@email.com", "is_staff": false, "is_active": true, "date_joined": "2020-10-10T22:34:54.274Z", "groups": [], "user_permissions": []}}, {"model": "auctions.user", "pk": 9, "fields": {"password": "pbkdf2_sha256$216000$vauCLQYXpreu$MLOPnB4AF+HOvFzr11+6tS05ljwIKgfp83UR2Eqhw+Y=", "last_login": "2020-10-19T14:27:23.706Z", "is_superuser": false, "username": "Dengo", "first_name": "", "last_name": "", "email": "dengo.nene@email.com", "is_staff": false, "is_active": true, "date_joined": "2020-10-16T15:55:36.964Z", "groups": [], "user_permissions": []}}, {"model": "auctions.user", "pk": 10, "fields": {"password": "pbkdf2_sha256$216000$3tFimhpBBl8w$5YwIIR+Ko5UvZESXytL9butlMBu+FzXRkmihk8SaBoY=", "last_login": "2020-10-18T20:52:32.394Z", "is_superuser": false, "username": "Gru", "first_name": "", "last_name": "", "email": "grude.gru@email.com", "is_staff": false, "is_active": true, "date_joined": "2020-10-18T20:30:03.265Z", "groups": [], "user_permissions": []}}, {"model": "auctions.listing", "pk": 1, "fields": {"user": 2, "name": "ceramic pot", "description": "A minimal but charismatic ceramic cachepot. Handmade in every step of production, this one of a kind pot is warm and versatile", "active": false, "img_url": "https://openbox.vteximg.com.br/arquivos/ids/156919-1000-1000/cachepot-em-ceramica-11476-P.jpg?v=637232567633600000", "external_link": "", "created_at": "2020-10-15T20:33:48.214Z", "updated_at": "2020-10-15T20:33:48.236Z", "category": "CNT", "watched": []}}, {"model": "auctions.listing", "pk": 4, "fields": {"user": 2, "name": "Butterfly plant in vase", "description": "Super healthy Christia obcordata baby, already in vase. \r\nThe plant comes from my very healthy family of christia obcordata which i've been cultivating for over a decade.", "active": false, "img_url": "https://preview.redd.it/x7hlj50wug941.jpg?width=960&crop=smart&auto=webp&s=713b7e784cd82d848d6ec37a178ff439c0c521db", "external_link": "", "created_at": "2020-10-15T20:33:48.214Z", "updated_at": "2020-10-15T20:33:48.236Z", "category": "PLA", "watched": []}}, {"model": "auctions.listing", "pk": 5, "fields": {"user": 5, "name": "Hand-painted Cement Planter", "description": "Cement planter pot measures 3 inches (7.62 cm) high and 3.5 inches (8.89 cm) wide. Hand-painted in a trendy mid-century modern/ boho design. Perfect for succulents and other small indoor plants. Slight stone-y/sandy texture on the surface. Each pot is sealed with a clear sealant for durability. Cork pad to protect your surfaces included. Choose to add a drainage hole at no extra cost.  Each pot is hand-casted and hand-painted, meaning each pot has slight variations in color and/or air bubbles.", "active": true, "img_url": "https://i.etsystatic.com/9409768/r/il/2f6adc/2524162428/il_794xN.2524162428_myea.jpg", "external_link": "", "created_at": "2020-10-15T20:33:48.214Z", "updated_at": "2020-10-15T20:33:48.236Z", "category": "CNT", "watched": []}}, {"model": "auctions.listing", "pk": 6, "fields": {"user": 4, "name": "Observatory terrarium", "description": "A beautiful terrarium with an angled opening. low maintenance and very pretty.", "active": true, "img_url": "https://s7d1.scene7.com/is/image/terrain/34690685_100_b?$zoom2$", "external_link": "https://www.shopterrain.com/products/observatory-terrarium?via=Z2lkOi8vdXJibi9Xb3JrYXJlYTo6Q2F0YWxvZzo6Q2F0ZWdvcnkvRDM2RUM4MDU", "created_at": "2020-10-15T20:33:48.214Z", "updated_at": "2020-10-15T20:33:48.236Z", "category": "HMD", "watched": []}}, {"model": "auctions.listing", "pk": 7, "fields": {"user": 4, "name": "Green House Terrarium", "description": "a beautiful handmade greenhouse-shaped container with copper borders.", "active": true, "img_url": "https://s7d1.scene7.com/is/image/terrain/41620444_001_a?$zoom2$", "external_link": "https://www.shopterrain.com/products/framed-greenhouse-terrarium?via=Z2lkOi8vdXJibi9Xb3JrYXJlYTo6Q2F0YWxvZzo6Q2F0ZWdvcnkvRDM2RUM4MDU", "created_at": "2020-10-15T20:33:48.214Z", "updated_at": "2020-10-15T20:33:48.236Z", "category": "HMD", "watched": [2, 7, 9]}}, {"model": "auctions.listing", "pk": 8, "fields": {"user": 6, "name": "exotic rare cactus", "description": "I found this little guy while climbing. And it's finally bread some healthy babies!", "active": false, "img_url": "https://i.ebayimg.com/images/i/360498575438-0-1/s-l1000.jpg", "external_link": "", "created_at": "2020-10-15T20:33:48.214Z", "updated_at": "2020-10-15T20:33:48.236Z", "category": "PLA", "watched": []}}, {"model": "auctions.listing", "pk": 9, "fields": {"user": 2, "name": "Rare tropical flower: Curcuma elata", "description": "These large growing plants with beautiful flowers are great ginger plants for people who are inexperienced with growing ginger. Hidden ginger plants are very easy plants to grow, and they make a bold statement in the garden with their broad leaves and beautiful torch shaped flowers.", "active": true, "img_url": "http://buyraretropicalplants.com/wp-content/uploads/2016/04/Curcuma-elata-product.jpg", "external_link": "http://buyraretropicalplants.com/product/curcuma-elata/", "created_at": "2020-10-15T20:33:48.214Z", "updated_at": "2020-10-15T20:43:34.353Z", "category": "PLA", "watched": []}}, {"model": "auctions.listing", "pk": 10, "fields": {"user": 2, "name": "Costus Barbatus", "description": "Costus barbatus is a large ginger with spiraling foliage, with striking red flower bracts and canary yellow flowers, that last all Summer long. New bracts and flowers continue to grow from the top of the inflorescence until it is a tall, red, tower of flower bracts.", "active": true, "img_url": "http://buyraretropicalplants.com/wp-content/uploads/2016/04/Costus-barbatus.jpg", "external_link": "http://buyraretropicalplants.com/product/costus-barbatus/", "created_at": "2020-10-15T20:33:48.214Z", "updated_at": "2020-10-15T20:33:48.236Z", "category": "PLA", "watched": []}}, {"model": "auctions.listing", "pk": 11, "fields": {"user": 2, "name": "Miracle Fruit (seedling)", "description": "This fruit lives up to its name. The effect is a result of a glycoprotein called miraculin. It allows the “sweetness” receptors on your tongue to temporarily receive organic acids, such as citric acid, ascorbic acid, and acetic acid. Anything containing these, and any other sour organic acids will taste very sweet for about an hour.", "active": true, "img_url": "http://buyraretropicalplants.com/wp-content/uploads/2016/05/Synsepalum-dulcificum-product.jpg", "external_link": "http://buyraretropicalplants.com/product/miracle-fruit-seedling/", "created_at": "2020-10-15T20:33:48.214Z", "updated_at": "2020-10-15T20:33:48.236Z", "category": "PLA", "watched": [4]}}, {"model": "auctions.listing", "pk": 12, "fields": {"user": 9, "name": "Dried fern necklace", "description": "A fern I collected from the New Forest in Hampshire, dried and encased in crystal clear resin. Suspended in a silver plated teardrop frame on an 18 inch sterling silver necklace.\r\n\r\nEach is completely unique and holds it's own magic.", "active": true, "img_url": "https://i.etsystatic.com/9891717/r/il/4c3035/2599198915/il_794xN.2599198915_cwyf.jpg", "external_link": "https://www.etsy.com/listing/877044927/fern-necklace-dried-fern-necklace", "created_at": "2020-10-16T16:51:33.743Z", "updated_at": "2020-10-16T16:51:33.743Z", "category": "HMD", "watched": [10]}}, {"model": "auctions.listing", "pk": 13, "fields": {"user": 9, "name": "Olive leaf necklace", "description": "A real leaf from an olive tree set in crystal clear eco friendly resin. Olive Tree symbolism means peace, wisdom, fertility, prosperity, immortality, and success. It is a gift from Gods linked with the renaissance and the light.\r\n\r\nEach piece is completely made by hand. It is a process of casting individual layers of resin, adding flowers and applying a finishing layer of resin. The resin is extremely durable and has glass like properties with a high gloss finish.", "active": true, "img_url": "https://i.etsystatic.com/12692416/r/il/2d62b3/2466972327/il_794xN.2466972327_i5in.jpg", "external_link": "https://www.etsy.com/listing/840913065/olive-leaf-necklace-real-plant-necklace", "created_at": "2020-10-16T16:57:21.358Z", "updated_at": "2020-10-16T16:57:21.358Z", "category": "HMD", "watched": [4, 5, 10]}}, {"model": "auctions.listing", "pk": 15, "fields": {"user": 9, "name": "Pressed Blue Flower in Glass Frame", "description": "Real dried plants was collected by me in Estonia in summer 2020. 🌿 Dried Scilla enclosed between two pieces of glass for making this Herbarium Frame.Natural framed pressed flowers is wonderful idea. You can hang in on the wall or in the window. The shadow is just as beautiful as the piece itself! It will be an unusual gift for mom or a friend. You will surely surprise them.", "active": true, "img_url": "https://i.etsystatic.com/15923919/r/il/6b46a6/2276532588/il_794xN.2276532588_rn7r.jpg", "external_link": "https://www.etsy.com/listing/797154663/pressed-blue-flower-in-glass-frame?ref=search_srv-21&cns=1", "created_at": "2020-10-17T13:20:58.823Z", "updated_at": "2020-10-19T13:18:31.503Z", "category": "HMD", "watched": []}}, {"model": "auctions.listing", "pk": 16, "fields": {"user": 4, "name": "Tillandsia Air Plant (lot with 11)", "description": "Tillandsias (air plants) have the power to both filter and cleanse the air. Improve the quality of your air with living air plants while beautifying your space at the same time\r\nThese adorable creations not only make a lovey addition to any space, and make for the Perfect Gift!\r\n\r\nIncludes:\r\n- 11 Tillandsia Indoor houseplants\r\n- 1 Organic Plant Fertilizer Food\r\n- Care Instructions\r\n- Support! Any questions please message us :)", "active": true, "img_url": "https://i.etsystatic.com/13219579/r/il/77f0bf/2288251432/il_794xN.2288251432_23q3.jpg", "external_link": "https://www.etsy.com/listing/475421477/12-pcs-tillandsia-air-plant-lot-in-gift?ga_order=most_relevant&ga_search_type=all&ga_view_type=gallery&ga_search_query=plants&ref=sc_gallery-1-1&plkey=4e06da5375c55d1f247cfce73661a1801cfb7dd0%3A475421477&bes=1", "created_at": "2020-10-19T13:04:02.573Z", "updated_at": "2020-10-19T13:04:02.573Z", "category": "PLA", "watched": [5]}}, {"model": "auctions.listing", "pk": 17, "fields": {"user": 4, "name": "Stephania Erecta Bulbs (Caudex)", "description": "Stephania Erecta ‘Craib’ (Bulb only, no leaves, no pots included)\r\n\r\nIncluded:\r\n- Bulb (quantity as per order)\r\n- Phytosanitary Certificate\r\n\r\nCaudex can range in size based on your order.\r\n\r\nBeautiful House plants perfect for collectors and plant enthusiasts.", "active": true, "img_url": "https://i.etsystatic.com/24878176/r/il/0b6f6d/2538223972/il_794xN.2538223972_lfsm.jpg", "external_link": "https://www.etsy.com/listing/864192415/stephania-erecta-bulbs-caudex-house?ga_order=most_relevant&ga_search_type=all&ga_view_type=gallery&ga_search_query=plants&ref=sr_gallery-1-1&organic_search_click=1&pro=1", "created_at": "2020-10-19T13:08:57.328Z", "updated_at": "2020-10-19T13:08:57.328Z", "category": "PLA", "watched": []}}, {"model": "auctions.listing", "pk": 18, "fields": {"user": 4, "name": "70s Modern glass and brass terrarium", "description": "A lovely mid century modern glass terrarium. This terrarium has glass panels held together by soldiered brass strips and it has a lovely green house shape with pitched top[ resembling a roof. It has several openings all around like four triangle spots on the top and two little windows on the front and back. It wonderful for adding a little indoor greenery with small rooted plants or air plants. It is in excellent vintage shape with no signs of damage or wear. \r\nIt measures 9H x 8L x 5.25W inches", "active": true, "img_url": "https://i.etsystatic.com/10342830/r/il/1ab158/2172216543/il_794xN.2172216543_62ec.jpg", "external_link": "https://www.etsy.com/listing/762960147/70s-modern-glass-and-brass-terrarium?ga_order=most_relevant&ga_search_type=all&ga_view_type=gallery&ga_search_query=glass+and+brass+plant&ref=sr_gallery-1-10&organic_search_click=1&cns=1", "created_at": "2020-10-19T13:14:15.250Z", "updated_at": "2020-10-19T13:14:15.250Z", "category": "CNT", "watched": [9]}}, {"model": "auctions.listing", "pk": 19, "fields": {"user": 9, "name": "Stained Glass Mountain", "description": "Window to nature in your home. Mountain with dried forest ferns was designed and made by me using a Tiffany's cooper foil technique. Each one will have a different variation of ferns, making each piece unique from the last. Each piece will contain a minimum of five or four ferns. Piece has a loop on the top for hanging.", "active": true, "img_url": "https://i.etsystatic.com/15923919/r/il/6044f3/2130879216/il_794xN.2130879216_n3fz.jpg", "external_link": "https://www.etsy.com/listing/750962210/stained-glass-mountain-dried-ferns?ga_order=most_relevant&ga_search_type=all&ga_view_type=gallery&ga_search_query=plant+art&ref=sr_gallery-1-39&organic_search_click=1&cns=1", "created_at": "2020-10-19T13:21:48.110Z", "updated_at": "2020-10-19T13:22:15.170Z", "category": "HMD", "watched": [5]}}, {"model": "auctions.listing", "pk": 20, "fields": {"user": 5, "name": "David Bowie ceramic planter", "description": "The David Bowie/Aladdin Sane ceramic planter is a perfect addition to any modern home and the best gift for a music lover! It's just the right size and shape for small plants, succulents and air dry plants.\r\n\r\nDimensions - 7cm height x 9cm diameter", "active": true, "img_url": "https://i.etsystatic.com/7113662/r/il/48d6aa/1645219644/il_794xN.1645219644_p31f.jpg", "external_link": "https://www.etsy.com/listing/635915994/david-bowie-ceramic-planter?ga_order=most_relevant&ga_search_type=all&ga_view_type=gallery&ga_search_query=ceramic+planter&ref=sr_gallery-2-1&organic_search_click=1", "created_at": "2020-10-19T13:29:01.628Z", "updated_at": "2020-10-19T13:29:01.628Z", "category": "CNT", "watched": []}}, {"model": "auctions.listing", "pk": 21, "fields": {"user": 5, "name": "Madonna pot", "description": "Handmade and hand painted ceramic pot, perfect for little succulent plants, storing your pencils or drinking a cup of tea from!\r\n\r\nDetails and glaze vary amongst each pot due to the hand painted nature of the product.\r\n\r\n7.5 cm height approx\r\n8.5 cm diameter approx", "active": true, "img_url": "https://i.etsystatic.com/7113662/r/il/00eef0/2132549579/il_794xN.2132549579_k5mw.jpg", "external_link": "https://www.etsy.com/listing/753335395/madonna-pot?ref=related-2", "created_at": "2020-10-19T13:30:51.014Z", "updated_at": "2020-10-19T13:35:24.303Z", "category": "CNT", "watched": []}}, {"model": "auctions.listing", "pk": 22, "fields": {"user": 5, "name": "Cat figurine planter", "description": "The super cute Cat planter looks like a real happy cat. Ideal for planting cacti or succulents and can also be used to store all kinds of little things. Natural rich colors imitating the fur of this beautiful cat and the exact forms will amaze cat lovers and emphasize their cat style! The flowerpot will decorate your room or office, showing how much you love animals and care about this wonderful creatures.", "active": true, "img_url": "https://i.etsystatic.com/20809593/r/il/882099/2482324686/il_794xN.2482324686_s6z8.jpg", "external_link": "https://www.etsy.com/listing/858810179/cat-planter-plant-cat-succulent-cat?ref=internal_similar_listing_bot-1", "created_at": "2020-10-19T13:34:48.338Z", "updated_at": "2020-10-19T13:34:48.338Z", "category": "CNT", "watched": [4]}}, {"model": "auctions.listing", "pk": 23, "fields": {"user": 5, "name": "Sleepy raven bowl/planter", "description": "Made by hand and hand painted.\r\nYou can use it as a bowl, planter, mug or whatever you want.\r\nI used white clay, white glaze and majolica.\r\nAll used materials are non toxic and food safe.\r\n\r\nSize: 17x12 cm\r\nHeight: 5 cm\r\n\r\nMade to order. (there might be slight color variations in each piece)", "active": false, "img_url": "https://i.etsystatic.com/14875320/r/il/0abddc/1192632856/il_794xN.1192632856_6jz3.jpg", "external_link": "https://www.etsy.com/listing/514691310/sleepy-raven-bowl-ceramic-crow-bowl?ga_order=most_relevant&ga_search_type=all&ga_view_type=gallery&ga_search_query=ceramic+planter&ref=sr_gallery-4-37&organic_search_click=1", "created_at": "2020-10-19T13:40:21.664Z", "updated_at": "2020-10-19T17:03:20.916Z", "category": "CNT", "watched": [4]}}, {"model": "auctions.listing", "pk": 24, "fields": {"user": 5, "name": "Large green ceramic planter", "description": "Large Contemporary Ceramic Planter. Green round egg-shaped vase with fringes on edges.\r\nThe planter can come with a drainage hole and a saucer plate - choose at checkout.\r\n\r\nProduct description:\r\nSize: Diameter 5.90\" (15 cm), Height 4.72\" (12 cm)", "active": true, "img_url": "https://i.etsystatic.com/16242930/r/il/b7dfca/2529489654/il_794xN.2529489654_ktca.jpg", "external_link": "https://www.etsy.com/listing/731507284/large-green-ceramic-planter-with?ga_order=most_relevant&ga_search_type=all&ga_view_type=gallery&ga_search_query=ceramic+planter&ref=sr_gallery-5-23&organic_search_click=1", "created_at": "2020-10-19T13:42:46.738Z", "updated_at": "2020-10-19T13:43:06.856Z", "category": "CNT", "watched": [4]}}, {"model": "auctions.listing", "pk": 25, "fields": {"user": 4, "name": "Wood and glass Hygge vase", "description": "An elegant simple glass vase ornament set that see the beauty of life.\r\n\r\nItem Specifics:\r\nMaterials: Wood, Glass", "active": true, "img_url": "https://i.etsystatic.com/17524330/r/il/50be88/1532381711/il_794xN.1532381711_kzkn.jpg", "external_link": "https://www.etsy.com/listing/731502367/wood-hygge-glass-vase-wood-set-water?ga_order=most_relevant&ga_search_type=all&ga_view_type=gallery&ga_search_query=terrarium&ref=sc_gallery-2-5&plkey=118c195e76d8ee5d6a7f0a44390805f0c20d838a%3A731502367", "created_at": "2020-10-19T17:06:00.354Z", "updated_at": "2020-10-19T17:06:00.354Z", "category": "CNT", "watched": []}}, {"model": "auctions.comment", "pk": 12, "fields": {"user": 2, "listing": 4, "text": "What a cool plant!", "created_at": "2020-10-03T17:58:57.901Z", "reply_to": null}}, {"model": "auctions.comment", "pk": 22, "fields": {"user": 2, "listing": 6, "text": "i love that yellow plant! what is it?", "created_at": "2020-10-14T23:19:38.057Z", "reply_to": null}}, {"model": "auctions.comment", "pk": 24, "fields": {"user": 2, "listing": 7, "text": "is the container water-tight?", "created_at": "2020-10-15T20:38:29.276Z", "reply_to": null}}, {"model": "auctions.comment", "pk": 30, "fields": {"user": 2, "listing": 5, "text": "is it safe to drink from those?", "created_at": "2020-10-15T23:04:26.550Z", "reply_to": null}}, {"model": "auctions.comment", "pk": 31, "fields": {"user": 9, "listing": 11, "text": "how long does it take for the seedling to grow and bare fruits?", "created_at": "2020-10-16T17:59:11.082Z", "reply_to": null}}, {"model": "auctions.comment", "pk": 32, "fields": {"user": 2, "listing": 15, "text": "This is stunning!", "created_at": "2020-10-17T17:24:25.354Z", "reply_to": null}}, {"model": "auctions.comment", "pk": 33, "fields": {"user": 2, "listing": 13, "text": "So beatiful!", "created_at": "2020-10-17T19:26:54.150Z", "reply_to": null}}, {"model": "auctions.comment", "pk": 34, "fields": {"user": 9, "listing": 13, "text": "Thank you! :)", "created_at": "2020-10-18T02:13:32.498Z", "reply_to": 33}}, {"model": "auctions.comment", "pk": 35, "fields": {"user": 2, "listing": 11, "text": "about 15 months if conditions are good :)", "created_at": "2020-10-18T02:53:33.667Z", "reply_to": 31}}, {"model": "auctions.comment", "pk": 36, "fields": {"user": 10, "listing": 10, "text": "How much sunlight does it require?", "created_at": "2020-10-18T20:51:12.279Z", "reply_to": null}}, {"model": "auctions.comment", "pk": 37, "fields": {"user": 2, "listing": 10, "text": "in it's natural habitat it grows in half shadow. But in the winter you will need to keep it in direct sunlight!", "created_at": "2020-10-18T20:52:20.157Z", "reply_to": 36}}, {"model": "auctions.comment", "pk": 38, "fields": {"user": 4, "listing": 7, "text": "not 100% it can take moisture, but not full on water :) if you wanted you could also place a platter underneath it :)", "created_at": "2020-10-19T01:58:52.942Z", "reply_to": 24}}, {"model": "auctions.comment", "pk": 42, "fields": {"user": 4, "listing": 6, "text": "its a dried up flower core ;)", "created_at": "2020-10-19T02:01:12.448Z", "reply_to": 22}}, {"model": "auctions.comment", "pk": 43, "fields": {"user": 5, "listing": 19, "text": "This is so beautiful!", "created_at": "2020-10-19T13:48:06.514Z", "reply_to": null}}, {"model": "auctions.comment", "pk": 44, "fields": {"user": 4, "listing": 24, "text": "is it outdoor safe? so gorgeous!", "created_at": "2020-10-19T13:51:48.903Z", "reply_to": null}}, {"model": "auctions.comment", "pk": 45, "fields": {"user": 4, "listing": 13, "text": "This is so pretty!", "created_at": "2020-10-19T14:13:37.668Z", "reply_to": null}}, {"model": "auctions.comment", "pk": 46, "fields": {"user": 4, "listing": 23, "text": "This is so lovely!", "created_at": "2020-10-19T17:01:25.259Z", "reply_to": null}}, {"model": "auctions.comment", "pk": 47, "fields": {"user": 5, "listing": 23, "text": "Thanks!", "created_at": "2020-10-19T17:02:43.495Z", "reply_to": 46}}, {"model": "auctions.bid", "pk": 1, "fields": {"user": 2, "listing": 1, "value": "25.00", "created_at": "2020-09-30T03:24:31.243Z"}}, {"model": "auctions.bid", "pk": 5, "fields": {"user": 2, "listing": 4, "value": "12.00", "created_at": "2020-09-30T18:07:23.434Z"}}, {"model": "auctions.bid", "pk": 9, "fields": {"user": 5, "listing": 5, "value": "12.00", "created_at": "2020-10-03T18:14:46.425Z"}}, {"model": "auctions.bid", "pk": 11, "fields": {"user": 4, "listing": 6, "value": "25.00", "created_at": "2020-10-03T23:25:47.811Z"}}, {"model": "auctions.bid", "pk": 12, "fields": {"user": 4, "listing": 7, "value": "30.00", "created_at": "2020-10-03T23:31:43.144Z"}}, {"model": "auctions.bid", "pk": 13, "fields": {"user": 6, "listing": 8, "value": "10.00", "created_at": "2020-10-03T23:41:05.149Z"}}, {"model": "auctions.bid", "pk": 16, "fields": {"user": 2, "listing": 5, "value": "10.00", "created_at": "2020-10-07T16:00:24.083Z"}}, {"model": "auctions.bid", "pk": 17, "fields": {"user": 2, "listing": 5, "value": "35.40", "created_at": "2020-10-07T16:05:32.517Z"}}, {"model": "auctions.bid", "pk": 18, "fields": {"user": 2, "listing": 5, "value": "35.43", "created_at": "2020-10-07T16:10:45.590Z"}}, {"model": "auctions.bid", "pk": 19, "fields": {"user": 2, "listing": 5, "value": "36.00", "created_at": "2020-10-07T16:15:06.657Z"}}, {"model": "auctions.bid", "pk": 22, "fields": {"user": 5, "listing": 1, "value": "42.00", "created_at": "2020-10-07T17:34:24.362Z"}}, {"model": "auctions.bid", "pk": 23, "fields": {"user": 2, "listing": 5, "value": "37.00", "created_at": "2020-10-08T01:12:48.896Z"}}, {"model": "auctions.bid", "pk": 26, "fields": {"user": 7, "listing": 5, "value": "37.50", "created_at": "2020-10-09T17:06:13.010Z"}}, {"model": "auctions.bid", "pk": 27, "fields": {"user": 7, "listing": 7, "value": "30.50", "created_at": "2020-10-09T17:06:26.502Z"}}, {"model": "auctions.bid", "pk": 28, "fields": {"user": 2, "listing": 7, "value": "32.00", "created_at": "2020-10-09T22:51:50.355Z"}}, {"model": "auctions.bid", "pk": 29, "fields": {"user": 2, "listing": 9, "value": "12.00", "created_at": "2020-10-15T14:41:24.829Z"}}, {"model": "auctions.bid", "pk": 30, "fields": {"user": 2, "listing": 10, "value": "9.00", "created_at": "2020-10-15T14:45:12.708Z"}}, {"model": "auctions.bid", "pk": 31, "fields": {"user": 2, "listing": 11, "value": "12.00", "created_at": "2020-10-15T14:47:55.805Z"}}, {"model": "auctions.bid", "pk": 32, "fields": {"user": 9, "listing": 7, "value": "32.50", "created_at": "2020-10-16T15:55:58.934Z"}}, {"model": "auctions.bid", "pk": 33, "fields": {"user": 9, "listing": 11, "value": "12.50", "created_at": "2020-10-16T15:58:14.313Z"}}, {"model": "auctions.bid", "pk": 34, "fields": {"user": 9, "listing": 12, "value": "30.00", "created_at": "2020-10-16T16:51:33.751Z"}}, {"model": "auctions.bid", "pk": 35, "fields": {"user": 2, "listing": 12, "value": "30.50", "created_at": "2020-10-16T16:53:03.405Z"}}, {"model": "auctions.bid", "pk": 36, "fields": {"user": 9, "listing": 13, "value": "34.00", "created_at": "2020-10-16T16:57:21.366Z"}}, {"model": "auctions.bid", "pk": 37, "fields": {"user": 9, "listing": 11, "value": "13.50", "created_at": "2020-10-16T17:58:11.089Z"}}, {"model": "auctions.bid", "pk": 39, "fields": {"user": 9, "listing": 15, "value": "42.00", "created_at": "2020-10-17T13:20:58.833Z"}}, {"model": "auctions.bid", "pk": 40, "fields": {"user": 2, "listing": 15, "value": "42.50", "created_at": "2020-10-17T17:24:31.763Z"}}, {"model": "auctions.bid", "pk": 41, "fields": {"user": 2, "listing": 13, "value": "35.00", "created_at": "2020-10-17T19:26:34.318Z"}}, {"model": "auctions.bid", "pk": 42, "fields": {"user": 9, "listing": 9, "value": "15.00", "created_at": "2020-10-17T19:32:39.869Z"}}, {"model": "auctions.bid", "pk": 43, "fields": {"user": 2, "listing": 15, "value": "53.00", "created_at": "2020-10-18T02:28:35.119Z"}}, {"model": "auctions.bid", "pk": 44, "fields": {"user": 9, "listing": 7, "value": "35.00", "created_at": "2020-10-19T01:57:47.459Z"}}, {"model": "auctions.bid", "pk": 45, "fields": {"user": 4, "listing": 11, "value": "14.00", "created_at": "2020-10-19T02:02:34.903Z"}}, {"model": "auctions.bid", "pk": 46, "fields": {"user": 4, "listing": 16, "value": "32.00", "created_at": "2020-10-19T13:04:02.584Z"}}, {"model": "auctions.bid", "pk": 47, "fields": {"user": 4, "listing": 17, "value": "28.00", "created_at": "2020-10-19T13:08:57.339Z"}}, {"model": "auctions.bid", "pk": 48, "fields": {"user": 4, "listing": 18, "value": "46.00", "created_at": "2020-10-19T13:14:15.259Z"}}, {"model": "auctions.bid", "pk": 49, "fields": {"user": 9, "listing": 19, "value": "38.00", "created_at": "2020-10-19T13:21:48.118Z"}}, {"model": "auctions.bid", "pk": 50, "fields": {"user": 9, "listing": 18, "value": "46.50", "created_at": "2020-10-19T13:25:25.323Z"}}, {"model": "auctions.bid", "pk": 51, "fields": {"user": 5, "listing": 20, "value": "28.00", "created_at": "2020-10-19T13:29:01.636Z"}}, {"model": "auctions.bid", "pk": 52, "fields": {"user": 5, "listing": 21, "value": "28.00", "created_at": "2020-10-19T13:30:51.023Z"}}, {"model": "auctions.bid", "pk": 53, "fields": {"user": 5, "listing": 22, "value": "36.00", "created_at": "2020-10-19T13:34:48.349Z"}}, {"model": "auctions.bid", "pk": 54, "fields": {"user": 5, "listing": 23, "value": "28.00", "created_at": "2020-10-19T13:40:21.674Z"}}, {"model": "auctions.bid", "pk": 55, "fields": {"user": 5, "listing": 24, "value": "52.00", "created_at": "2020-10-19T13:42:46.748Z"}}, {"model": "auctions.bid", "pk": 56, "fields": {"user": 5, "listing": 19, "value": "40.00", "created_at": "2020-10-19T13:48:22.526Z"}}, {"model": "auctions.bid", "pk": 57, "fields": {"user": 5, "listing": 16, "value": "32.50", "created_at": "2020-10-19T13:48:58.165Z"}}, {"model": "auctions.bid", "pk": 58, "fields": {"user": 5, "listing": 9, "value": "17.00", "created_at": "2020-10-19T13:49:28.595Z"}}, {"model": "auctions.bid", "pk": 59, "fields": {"user": 5, "listing": 13, "value": "37.00", "created_at": "2020-10-19T13:50:03.706Z"}}, {"model": "auctions.bid", "pk": 60, "fields": {"user": 4, "listing": 20, "value": "30.00", "created_at": "2020-10-19T13:52:18.551Z"}}, {"model": "auctions.bid", "pk": 61, "fields": {"user": 4, "listing": 22, "value": "39.00", "created_at": "2020-10-19T13:54:36.369Z"}}, {"model": "auctions.bid", "pk": 62, "fields": {"user": 4, "listing": 13, "value": "39.00", "created_at": "2020-10-19T14:13:23.733Z"}}, {"model": "auctions.bid", "pk": 63, "fields": {"user": 5, "listing": 13, "value": "41.00", "created_at": "2020-10-19T14:27:05.175Z"}}, {"model": "auctions.bid", "pk": 64, "fields": {"user": 4, "listing": 22, "value": "41.00", "created_at": "2020-10-19T16:45:57.466Z"}}, {"model": "auctions.bid", "pk": 65, "fields": {"user": 4, "listing": 23, "value": "35.00", "created_at": "2020-10-19T17:01:10.588Z"}}, {"model": "auctions.bid", "pk": 66, "fields": {"user": 4, "listing": 25, "value": "31.00", "created_at": "2020-10-19T17:06:00.364Z"}}, {"model": "admin.logentry", "pk": 1, "fields": {"action_time": "2020-09-27T15:19:35.128Z", "user": 2, "content_type": 7, "object_id": "1", "object_repr": "Listing object (1)", "action_flag": 1, "change_message": "[{\"added\": {}}]"}}, {"model": "admin.logentry", "pk": 2, "fields": {"action_time": "2020-09-27T21:02:18.615Z", "user": 2, "content_type": 7, "object_id": "6", "object_repr": "Listing object (6)", "action_flag": 2, "change_message": "[{\"changed\": {\"fields\": [\"Img url\"]}}]"}}, {"model": "admin.logentry", "pk": 3, "fields": {"action_time": "2020-09-27T21:03:22.711Z", "user": 2, "content_type": 7, "object_id": "6", "object_repr": "Listing object (6)", "action_flag": 2, "change_message": "[{\"changed\": {\"fields\": [\"Img url\"]}}]"}}, {"model": "admin.logentry", "pk": 4, "fields": {"action_time": "2020-09-27T21:09:12.638Z", "user": 2, "content_type": 1, "object_id": "3", "object_repr": "exit", "action_flag": 3, "change_message": ""}}, {"model": "admin.logentry", "pk": 5, "fields": {"action_time": "2020-09-29T00:36:17.060Z", "user": 2, "content_type": 8, "object_id": "1", "object_repr": "Comment object (1)", "action_flag": 3, "change_message": ""}}, {"model": "admin.logentry", "pk": 6, "fields": {"action_time": "2020-09-29T18:47:41.826Z", "user": 2, "content_type": 8, "object_id": "8", "object_repr": "Comment object (8)", "action_flag": 3, "change_message": ""}}, {"model": "admin.logentry", "pk": 7, "fields": {"action_time": "2020-09-29T18:47:41.834Z", "user": 2, "content_type": 8, "object_id": "7", "object_repr": "Comment object (7)", "action_flag": 3, "change_message": ""}}, {"model": "admin.logentry", "pk": 8, "fields": {"action_time": "2020-09-29T18:47:41.836Z", "user": 2, "content_type": 8, "object_id": "6", "object_repr": "Comment object (6)", "action_flag": 3, "change_message": ""}}, {"model": "admin.logentry", "pk": 9, "fields": {"action_time": "2020-09-29T18:47:41.838Z", "user": 2, "content_type": 8, "object_id": "5", "object_repr": "Comment object (5)", "action_flag": 3, "change_message": ""}}, {"model": "admin.logentry", "pk": 10, "fields": {"action_time": "2020-09-29T18:47:41.840Z", "user": 2, "content_type": 8, "object_id": "4", "object_repr": "Comment object (4)", "action_flag": 3, "change_message": ""}}, {"model": "admin.logentry", "pk": 11, "fields": {"action_time": "2020-09-29T18:47:41.842Z", "user": 2, "content_type": 8, "object_id": "3", "object_repr": "Comment object (3)", "action_flag": 3, "change_message": ""}}, {"model": "admin.logentry", "pk": 12, "fields": {"action_time": "2020-09-29T18:47:41.844Z", "user": 2, "content_type": 8, "object_id": "2", "object_repr": "Comment object (2)", "action_flag": 3, "change_message": ""}}, {"model": "admin.logentry", "pk": 13, "fields": {"action_time": "2020-09-29T18:48:00.816Z", "user": 2, "content_type": 8, "object_id": "9", "object_repr": "Comment object (9)", "action_flag": 1, "change_message": "[{\"added\": {}}]"}}, {"model": "admin.logentry", "pk": 14, "fields": {"action_time": "2020-09-29T18:48:20.563Z", "user": 2, "content_type": 7, "object_id": "7", "object_repr": "7: vintage garbage container - by Ana", "action_flag": 2, "change_message": "[{\"changed\": {\"fields\": [\"Category\"]}}]"}}, {"model": "admin.logentry", "pk": 15, "fields": {"action_time": "2020-09-29T18:48:33.674Z", "user": 2, "content_type": 7, "object_id": "6", "object_repr": "6: green beans - by bilo", "action_flag": 2, "change_message": "[{\"changed\": {\"fields\": [\"Category\"]}}]"}}, {"model": "admin.logentry", "pk": 16, "fields": {"action_time": "2020-09-29T18:48:40.950Z", "user": 2, "content_type": 7, "object_id": "4", "object_repr": "4: a daring parrot - by bilo", "action_flag": 2, "change_message": "[{\"changed\": {\"fields\": [\"Category\"]}}]"}}, {"model": "admin.logentry", "pk": 17, "fields": {"action_time": "2020-09-29T18:49:44.823Z", "user": 2, "content_type": 7, "object_id": "7", "object_repr": "7: vintage garbage container - by Ana", "action_flag": 3, "change_message": ""}}, {"model": "admin.logentry", "pk": 18, "fields": {"action_time": "2020-09-29T18:49:44.832Z", "user": 2, "content_type": 7, "object_id": "6", "object_repr": "6: green beans - by bilo", "action_flag": 3, "change_message": ""}}, {"model": "admin.logentry", "pk": 19, "fields": {"action_time": "2020-09-29T18:49:44.834Z", "user": 2, "content_type": 7, "object_id": "5", "object_repr": "5: condensed milk - by bilo", "action_flag": 3, "change_message": ""}}, {"model": "admin.logentry", "pk": 20, "fields": {"action_time": "2020-09-29T18:49:44.836Z", "user": 2, "content_type": 7, "object_id": "4", "object_repr": "4: a daring parrot - by bilo", "action_flag": 3, "change_message": ""}}, {"model": "admin.logentry", "pk": 21, "fields": {"action_time": "2020-09-29T18:49:44.838Z", "user": 2, "content_type": 7, "object_id": "3", "object_repr": "3: cat - by bilo", "action_flag": 3, "change_message": ""}}, {"model": "admin.logentry", "pk": 22, "fields": {"action_time": "2020-09-29T18:49:44.840Z", "user": 2, "content_type": 7, "object_id": "2", "object_repr": "2: cat - by bilo", "action_flag": 3, "change_message": ""}}, {"model": "admin.logentry", "pk": 23, "fields": {"action_time": "2020-09-29T18:49:44.842Z", "user": 2, "content_type": 7, "object_id": "1", "object_repr": "1: Porcelain cup - by Julia", "action_flag": 3, "change_message": ""}}, {"model": "admin.logentry", "pk": 24, "fields": {"action_time": "2020-09-29T19:02:29.955Z", "user": 2, "content_type": 7, "object_id": "1", "object_repr": "1: ceramic pot - by bilo", "action_flag": 1, "change_message": "[{\"added\": {}}]"}}, {"model": "admin.logentry", "pk": 25, "fields": {"action_time": "2020-09-29T20:43:48.454Z", "user": 2, "content_type": 7, "object_id": "2", "object_repr": "2: animal print ceramic pots - by Ana", "action_flag": 1, "change_message": "[{\"added\": {}}]"}}, {"model": "admin.logentry", "pk": 26, "fields": {"action_time": "2020-09-30T03:46:25.344Z", "user": 2, "content_type": 7, "object_id": "3", "object_repr": "3: Pink Congo Philodendron - by Ana", "action_flag": 1, "change_message": "[{\"added\": {}}]"}}, {"model": "admin.logentry", "pk": 27, "fields": {"action_time": "2020-10-03T18:11:56.192Z", "user": 2, "content_type": 7, "object_id": "5", "object_repr": "5: Hand-painted Mid Century Modern Cement Planter | 70's Sunset - by Evita", "action_flag": 1, "change_message": "[{\"added\": {}}]"}}, {"model": "admin.logentry", "pk": 28, "fields": {"action_time": "2020-10-03T18:12:19.881Z", "user": 2, "content_type": 7, "object_id": "5", "object_repr": "5: Hand-painted Mid Century Modern Cement Planter - by Evita", "action_flag": 2, "change_message": "[{\"changed\": {\"fields\": [\"Name\"]}}]"}}, {"model": "admin.logentry", "pk": 29, "fields": {"action_time": "2020-10-03T18:13:15.663Z", "user": 2, "content_type": 7, "object_id": "5", "object_repr": "5: Hand-painted Cement Planter - by Evita", "action_flag": 2, "change_message": "[{\"changed\": {\"fields\": [\"Name\"]}}]"}}, {"model": "admin.logentry", "pk": 30, "fields": {"action_time": "2020-10-03T18:14:46.426Z", "user": 2, "content_type": 10, "object_id": "9", "object_repr": "Bid object (9)", "action_flag": 1, "change_message": "[{\"added\": {}}]"}}, {"model": "admin.logentry", "pk": 31, "fields": {"action_time": "2020-10-03T23:25:11.514Z", "user": 2, "content_type": 7, "object_id": "6", "object_repr": "6: Observatory terrarium - by Ana", "action_flag": 1, "change_message": "[{\"added\": {}}]"}}, {"model": "admin.logentry", "pk": 32, "fields": {"action_time": "2020-10-03T23:25:30.861Z", "user": 2, "content_type": 7, "object_id": "6", "object_repr": "6: Observatory terrarium - by Ana", "action_flag": 2, "change_message": "[{\"changed\": {\"fields\": [\"Category\"]}}]"}}, {"model": "admin.logentry", "pk": 33, "fields": {"action_time": "2020-10-03T23:25:47.812Z", "user": 2, "content_type": 10, "object_id": "11", "object_repr": "Bid object (11)", "action_flag": 1, "change_message": "[{\"added\": {}}]"}}, {"model": "admin.logentry", "pk": 34, "fields": {"action_time": "2020-10-03T23:31:20.862Z", "user": 2, "content_type": 7, "object_id": "7", "object_repr": "7: Green House Terrarium - by Ana", "action_flag": 1, "change_message": "[{\"added\": {}}]"}}, {"model": "admin.logentry", "pk": 35, "fields": {"action_time": "2020-10-03T23:31:43.145Z", "user": 2, "content_type": 10, "object_id": "12", "object_repr": "Bid object (12)", "action_flag": 1, "change_message": "[{\"added\": {}}]"}}, {"model": "admin.logentry", "pk": 36, "fields": {"action_time": "2020-10-07T17:34:06.820Z", "user": 2, "content_type": 7, "object_id": "1", "object_repr": "1: ceramic pot - by bilo", "action_flag": 2, "change_message": "[{\"changed\": {\"fields\": [\"Active\"]}}]"}}, {"model": "admin.logentry", "pk": 37, "fields": {"action_time": "2020-10-07T17:34:24.371Z", "user": 2, "content_type": 10, "object_id": "22", "object_repr": "Bid object (22)", "action_flag": 1, "change_message": "[{\"added\": {}}]"}}, {"model": "admin.logentry", "pk": 38, "fields": {"action_time": "2020-10-07T17:37:49.027Z", "user": 2, "content_type": 7, "object_id": "1", "object_repr": "1: ceramic pot - by bilo", "action_flag": 2, "change_message": "[{\"changed\": {\"fields\": [\"Active\"]}}]"}}, {"model": "admin.logentry", "pk": 39, "fields": {"action_time": "2020-10-09T21:24:14.085Z", "user": 2, "content_type": 8, "object_id": "14", "object_repr": "Comment object (14)", "action_flag": 1, "change_message": "[{\"added\": {}}]"}}, {"model": "admin.logentry", "pk": 40, "fields": {"action_time": "2020-10-10T22:59:28.159Z", "user": 2, "content_type": 8, "object_id": "18", "object_repr": "Comment object (18)", "action_flag": 2, "change_message": "[{\"changed\": {\"fields\": [\"Reply to\"]}}]"}}, {"model": "admin.logentry", "pk": 41, "fields": {"action_time": "2020-10-10T23:11:43.913Z", "user": 2, "content_type": 8, "object_id": "21", "object_repr": ":D", "action_flag": 3, "change_message": ""}}, {"model": "admin.logentry", "pk": 42, "fields": {"action_time": "2020-10-10T23:11:43.928Z", "user": 2, "content_type": 8, "object_id": "20", "object_repr": ":)", "action_flag": 3, "change_message": ""}}, {"model": "admin.logentry", "pk": 43, "fields": {"action_time": "2020-10-10T23:11:43.930Z", "user": 2, "content_type": 8, "object_id": "19", "object_repr": ":D", "action_flag": 3, "change_message": ""}}, {"model": "admin.logentry", "pk": 44, "fields": {"action_time": "2020-10-10T23:11:43.932Z", "user": 2, "content_type": 8, "object_id": "17", "object_repr": "<3", "action_flag": 3, "change_message": ""}}, {"model": "admin.logentry", "pk": 45, "fields": {"action_time": "2020-10-10T23:11:43.935Z", "user": 2, "content_type": 8, "object_id": "15", "object_repr": "me too!", "action_flag": 3, "change_message": ""}}, {"model": "admin.logentry", "pk": 46, "fields": {"action_time": "2020-10-10T23:11:43.937Z", "user": 2, "content_type": 8, "object_id": "14", "object_repr": "Yes! I got mine and i'm in a tiny island near Chile!", "action_flag": 3, "change_message": ""}}, {"model": "admin.logentry", "pk": 47, "fields": {"action_time": "2020-10-15T15:02:43.217Z", "user": 2, "content_type": 7, "object_id": "10", "object_repr": "10: Costus Barbatus - by bilo", "action_flag": 2, "change_message": "[{\"changed\": {\"fields\": [\"Active\"]}}]"}}, {"model": "admin.logentry", "pk": 48, "fields": {"action_time": "2020-10-15T15:19:10.526Z", "user": 2, "content_type": 7, "object_id": "12", "object_repr": "12: Rare Tropical plant: Costus Barbatus - by bilo", "action_flag": 3, "change_message": ""}}, {"model": "admin.logentry", "pk": 49, "fields": {"action_time": "2020-10-15T15:25:47.001Z", "user": 2, "content_type": 7, "object_id": "13", "object_repr": "13: Rare tropical plant: Costus Barbatus - by bilo", "action_flag": 3, "change_message": ""}}, {"model": "admin.logentry", "pk": 50, "fields": {"action_time": "2020-10-16T15:46:07.532Z", "user": 2, "content_type": 8, "object_id": "29", "object_repr": "dope!", "action_flag": 3, "change_message": ""}}, {"model": "admin.logentry", "pk": 51, "fields": {"action_time": "2020-10-16T15:46:07.540Z", "user": 2, "content_type": 8, "object_id": "28", "object_repr": "dope!", "action_flag": 3, "change_message": ""}}, {"model": "admin.logentry", "pk": 52, "fields": {"action_time": "2020-10-16T15:46:07.542Z", "user": 2, "content_type": 8, "object_id": "27", "object_repr": "so cool", "action_flag": 3, "change_message": ""}}, {"model": "admin.logentry", "pk": 53, "fields": {"action_time": "2020-10-16T15:46:07.545Z", "user": 2, "content_type": 8, "object_id": "26", "object_repr": "sometimes the flowers are more purple", "action_flag": 3, "change_message": ""}}, {"model": "admin.logentry", "pk": 54, "fields": {"action_time": "2020-10-16T15:46:07.547Z", "user": 2, "content_type": 8, "object_id": "25", "object_repr": ":D", "action_flag": 3, "change_message": ""}}, {"model": "admin.logentry", "pk": 55, "fields": {"action_time": "2020-10-16T15:46:07.549Z", "user": 2, "content_type": 8, "object_id": "23", "object_repr": ":D", "action_flag": 3, "change_message": ""}}, {"model": "admin.logentry", "pk": 56, "fields": {"action_time": "2020-10-17T16:53:57.659Z", "user": 2, "content_type": 10, "object_id": "25", "object_repr": "$24.70: bilo on 3: Pink Congo Philodendron - by Ana", "action_flag": 3, "change_message": ""}}, {"model": "admin.logentry", "pk": 57, "fields": {"action_time": "2020-10-17T16:54:59.834Z", "user": 2, "content_type": 10, "object_id": "6", "object_repr": "$15.00: bilo on 4: Butterfly plant in vase - by bilo", "action_flag": 3, "change_message": ""}}, {"model": "admin.logentry", "pk": 58, "fields": {"action_time": "2020-10-17T16:54:59.837Z", "user": 2, "content_type": 10, "object_id": "2", "object_repr": "$36.00: bilo on 1: ceramic pot - by bilo", "action_flag": 3, "change_message": ""}}, {"model": "admin.logentry", "pk": 59, "fields": {"action_time": "2020-10-19T13:17:15.020Z", "user": 2, "content_type": 7, "object_id": "3", "object_repr": "3: Pink Congo Philodendron - by Ana", "action_flag": 3, "change_message": ""}}, {"model": "admin.logentry", "pk": 60, "fields": {"action_time": "2020-10-19T13:17:15.035Z", "user": 2, "content_type": 7, "object_id": "2", "object_repr": "2: animal print ceramic pots - by Ana", "action_flag": 3, "change_message": ""}}, {"model": "admin.logentry", "pk": 61, "fields": {"action_time": "2020-10-19T13:18:31.508Z", "user": 2, "content_type": 7, "object_id": "15", "object_repr": "15: Pressed Blue Flower in Glass Frame - by Dengo", "action_flag": 2, "change_message": "[{\"changed\": {\"fields\": [\"Description\", \"Active\"]}}]"}}, {"model": "admin.logentry", "pk": 62, "fields": {"action_time": "2020-10-19T17:14:18.750Z", "user": 2, "content_type": 7, "object_id": "14", "object_repr": "14: A listing - by Dengo", "action_flag": 3, "change_message": ""}}, {"model": "auth.permission", "pk": 1, "fields": {"name": "Can add user", "content_type": 1, "codename": "add_user"}}, {"model": "auth.permission", "pk": 2, "fields": {"name": "Can change user", "content_type": 1, "codename": "change_user"}}, {"model": "auth.permission", "pk": 3, "fields": {"name": "Can delete user", "content_type": 1, "codename": "delete_user"}}, {"model": "auth.permission", "pk": 4, "fields": {"name": "Can view user", "content_type": 1, "codename": "view_user"}}, {"model": "auth.permission", "pk": 5, "fields": {"name": "Can add log entry", "content_type": 2, "codename": "add_logentry"}}, {"model": "auth.permission", "pk": 6, "fields": {"name": "Can change log entry", "content_type": 2, "codename": "change_logentry"}}, {"model": "auth.permission", "pk": 7, "fields": {"name": "Can delete log entry", "content_type": 2, "codename": "delete_logentry"}}, {"model": "auth.permission", "pk": 8, "fields": {"name": "Can view log entry", "content_type": 2, "codename": "view_logentry"}}, {"model": "auth.permission", "pk": 9, "fields": {"name": "Can add permission", "content_type": 3, "codename": "add_permission"}}, {"model": "auth.permission", "pk": 10, "fields": {"name": "Can change permission", "content_type": 3, "codename": "change_permission"}}, {"model": "auth.permission", "pk": 11, "fields": {"name": "Can delete permission", "content_type": 3, "codename": "delete_permission"}}, {"model": "auth.permission", "pk": 12, "fields": {"name": "Can view permission", "content_type": 3, "codename": "view_permission"}}, {"model": "auth.permission", "pk": 13, "fields": {"name": "Can add group", "content_type": 4, "codename": "add_group"}}, {"model": "auth.permission", "pk": 14, "fields": {"name": "Can change group", "content_type": 4, "codename": "change_group"}}, {"model": "auth.permission", "pk": 15, "fields": {"name": "Can delete group", "content_type": 4, "codename": "delete_group"}}, {"model": "auth.permission", "pk": 16, "fields": {"name": "Can view group", "content_type": 4, "codename": "view_group"}}, {"model": "auth.permission", "pk": 17, "fields": {"name": "Can add content type", "content_type": 5, "codename": "add_contenttype"}}, {"model": "auth.permission", "pk": 18, "fields": {"name": "Can change content type", "content_type": 5, "codename": "change_contenttype"}}, {"model": "auth.permission", "pk": 19, "fields": {"name": "Can delete content type", "content_type": 5, "codename": "delete_contenttype"}}, {"model": "auth.permission", "pk": 20, "fields": {"name": "Can view content type", "content_type": 5, "codename": "view_contenttype"}}, {"model": "auth.permission", "pk": 21, "fields": {"name": "Can add session", "content_type": 6, "codename": "add_session"}}, {"model": "auth.permission", "pk": 22, "fields": {"name": "Can change session", "content_type": 6, "codename": "change_session"}}, {"model": "auth.permission", "pk": 23, "fields": {"name": "Can delete session", "content_type": 6, "codename": "delete_session"}}, {"model": "auth.permission", "pk": 24, "fields": {"name": "Can view session", "content_type": 6, "codename": "view_session"}}, {"model": "auth.permission", "pk": 25, "fields": {"name": "Can add listing", "content_type": 7, "codename": "add_listing"}}, {"model": "auth.permission", "pk": 26, "fields": {"name": "Can change listing", "content_type": 7, "codename": "change_listing"}}, {"model": "auth.permission", "pk": 27, "fields": {"name": "Can delete listing", "content_type": 7, "codename": "delete_listing"}}, {"model": "auth.permission", "pk": 28, "fields": {"name": "Can view listing", "content_type": 7, "codename": "view_listing"}}, {"model": "auth.permission", "pk": 29, "fields": {"name": "Can add comment", "content_type": 8, "codename": "add_comment"}}, {"model": "auth.permission", "pk": 30, "fields": {"name": "Can change comment", "content_type": 8, "codename": "change_comment"}}, {"model": "auth.permission", "pk": 31, "fields": {"name": "Can delete comment", "content_type": 8, "codename": "delete_comment"}}, {"model": "auth.permission", "pk": 32, "fields": {"name": "Can view comment", "content_type": 8, "codename": "view_comment"}}, {"model": "auth.permission", "pk": 33, "fields": {"name": "Can add watch", "content_type": 9, "codename": "add_watch"}}, {"model": "auth.permission", "pk": 34, "fields": {"name": "Can change watch", "content_type": 9, "codename": "change_watch"}}, {"model": "auth.permission", "pk": 35, "fields": {"name": "Can delete watch", "content_type": 9, "codename": "delete_watch"}}, {"model": "auth.permission", "pk": 36, "fields": {"name": "Can view watch", "content_type": 9, "codename": "view_watch"}}, {"model": "auth.permission", "pk": 37, "fields": {"name": "Can add bid", "content_type": 10, "codename": "add_bid"}}, {"model": "auth.permission", "pk": 38, "fields": {"name": "Can change bid", "content_type": 10, "codename": "change_bid"}}, {"model": "auth.permission", "pk": 39, "fields": {"name": "Can delete bid", "content_type": 10, "codename": "delete_bid"}}, {"model": "auth.permission", "pk": 40, "fields": {"name": "Can view bid", "content_type": 10, "codename": "view_bid"}}, {"model": "sessions.session", "pk": "0ut3o189q7mubowae5aoabzx90sfq4i1", "fields": {"session_data": ".eJxVjDEOwjAMRe-SGUUldtTAyM4ZIjt2SAElUtNOiLtDpQ6w_vfef5lI61Li2nWOk5izOZnD78aUHlo3IHeqt2ZTq8s8sd0Uu9Nur030edndv4NCvXzr7BCyYw8SPA4OA2fPrOTGAIzkhTHAcdDsCYNLqIlGDSAZcoIEYN4f6yE4Xg:1kTlwJ:RvE7AhAYajlSSVtSt7GTTTxXHEVjnPobdmyl02IUe1U", "expire_date": "2020-10-31T13:08:03.003Z"}}, {"model": "sessions.session", "pk": "0yyan21idovdgjhtwrwoc1fl7flsc340", "fields": {"session_data": ".eJxVjDsOwjAQBe_iGln-sbYo6TmDtWvv4gCKpXyqiLtDpBTQvpl5m8q4Li2vM095qOqinDr9boTlyeMO6gPHe9elj8s0kN4VfdBZ33rl1_Vw_w4azu1bJxMgSjAiVQQBPYozVCRGYhO9cK3MxSKdgZKAheBtEnI2FqBCoN4fGUY5Tw:1kOTBW:87XEqLOVAxVMQ0L5HpwcY0zH5brR5COCzLoX6EL8fUA", "expire_date": "2020-10-16T22:05:50.878Z"}}, {"model": "sessions.session", "pk": "13kpd454juiv4ma8syzutokzkrxvply8", "fields": {"session_data": ".eJxVjDsOwjAQBe_iGln-sbYo6TmDtWvv4gCKpXyqiLtDpBTQvpl5m8q4Li2vM095qOqinDr9boTlyeMO6gPHe9elj8s0kN4VfdBZ33rl1_Vw_w4azu1bJxMgSjAiVQQBPYozVCRGYhO9cK3MxSKdgZKAheBtEnI2FqBCoN4fGUY5Tw:1kMwwV:88f2J1mIHgJ3rkvGWnqI8tD5CwvF2kiVdl8dQRAI5vM", "expire_date": "2020-10-12T17:28:03.230Z"}}, {"model": "sessions.session", "pk": "4c6wbnjvg0x4fss7if194zv53gt5h4un", "fields": {"session_data": ".eJxVjDsOwjAQBe_iGln-sbYo6TmDtWvv4gCKpXyqiLtDpBTQvpl5m8q4Li2vM095qOqinDr9boTlyeMO6gPHe9elj8s0kN4VfdBZ33rl1_Vw_w4azu1bJxMgSjAiVQQBPYozVCRGYhO9cK3MxSKdgZKAheBtEnI2FqBCoN4fGUY5Tw:1kUISR:QoqKEkJB-TDNBdAQsMAThs4jFbRhH-O4_S43y19_t_M", "expire_date": "2020-11-01T23:51:23.668Z"}}, {"model": "sessions.session", "pk": "4ksciewutr545f1bswhkxz09sd1tp0mb", "fields": {"session_data": ".eJxVjDsOwjAQBe_iGln-sbYo6TmDtWvv4gCKpXyqiLtDpBTQvpl5m8q4Li2vM095qOqinDr9boTlyeMO6gPHe9elj8s0kN4VfdBZ33rl1_Vw_w4azu1bJxMgSjAiVQQBPYozVCRGYhO9cK3MxSKdgZKAheBtEnI2FqBCoN4fGUY5Tw:1kQEf6:WXnFSpbEaUtF0PZTRqqbttPSVPWu9PBnyVOvZV8T1y0", "expire_date": "2020-10-21T18:59:40.844Z"}}, {"model": "sessions.session", "pk": "4wz6efy13d4q4dkg3pntkj6zatkse9uv", "fields": {"session_data": ".eJxVjDsOwjAQBe_iGln-sbYo6TmDtWvv4gCKpXyqiLtDpBTQvpl5m8q4Li2vM095qOqinDr9boTlyeMO6gPHe9elj8s0kN4VfdBZ33rl1_Vw_w4azu1bJxMgSjAiVQQBPYozVCRGYhO9cK3MxSKdgZKAheBtEnI2FqBCoN4fGUY5Tw:1kTy9N:7Vq9MeBDpBKMvHL9bK2Q2HOG7ccCZMCoUrdPofr3nhY", "expire_date": "2020-11-01T02:10:21.423Z"}}, {"model": "sessions.session", "pk": "5c7gkciju82xluknyafjfcwjmyhl5k30", "fields": {"session_data": ".eJxVjDsOwjAQBe_iGln-sbYo6TmDtWvv4gCKpXyqiLtDpBTQvpl5m8q4Li2vM095qOqinDr9boTlyeMO6gPHe9elj8s0kN4VfdBZ33rl1_Vw_w4azu1bJxMgSjAiVQQBPYozVCRGYhO9cK3MxSKdgZKAheBtEnI2FqBCoN4fGUY5Tw:1kUYj5:jFcdL5zecSN9_vLK5epIWHAZOk64hOhUYNhXBufdw9w", "expire_date": "2020-11-02T17:13:39.003Z"}}, {"model": "sessions.session", "pk": "5ryekbe78fa8txxqtuuaohcdy0bj9zwa", "fields": {"session_data": ".eJxVjDsOwjAQBe_iGln-sbYo6TmDtWvv4gCKpXyqiLtDpBTQvpl5m8q4Li2vM095qOqinDr9boTlyeMO6gPHe9elj8s0kN4VfdBZ33rl1_Vw_w4azu1bJxMgSjAiVQQBPYozVCRGYhO9cK3MxSKdgZKAheBtEnI2FqBCoN4fGUY5Tw:1kRLWC:W76Uya0Ivkl-5uOMlykWIVS4QL1J_yS_vUgSwGWWacY", "expire_date": "2020-10-24T20:31:04.814Z"}}, {"model": "sessions.session", "pk": "5s9r4k6vzijvaujq0i0vb2unetlqhnvg", "fields": {"session_data": ".eJxVjDsOwjAQBe_iGln-sbYo6TmDtWvv4gCKpXyqiLtDpBTQvpl5m8q4Li2vM095qOqinDr9boTlyeMO6gPHe9elj8s0kN4VfdBZ33rl1_Vw_w4azu1bJxMgSjAiVQQBPYozVCRGYhO9cK3MxSKdgZKAheBtEnI2FqBCoN4fGUY5Tw:1kUB14:rFtLCEywpCKDlp_C9Sng4ElB6HD1ZW25XC6KZE8sDMM", "expire_date": "2020-11-01T15:54:38.650Z"}}, {"model": "sessions.session", "pk": "6rrfr8ny59d9e3t5gqx31vt9z4rat8bh", "fields": {"session_data": ".eJxVjDsOwjAQBe_iGln-sbYo6TmDtWvv4gCKpXyqiLtDpBTQvpl5m8q4Li2vM095qOqinDr9boTlyeMO6gPHe9elj8s0kN4VfdBZ33rl1_Vw_w4azu1bJxMgSjAiVQQBPYozVCRGYhO9cK3MxSKdgZKAheBtEnI2FqBCoN4fGUY5Tw:1kRNnv:P49DpSmJRXwak2YxfLGcceosuOALfhDQ2Ezik-xXlQc", "expire_date": "2020-10-24T22:57:31.020Z"}}, {"model": "sessions.session", "pk": "779p9z77l2v3qin5649akiyfbn1qkgr6", "fields": {"session_data": ".eJxVjDsOwjAQBe_iGln-sbYo6TmDtWvv4gCKpXyqiLtDpBTQvpl5m8q4Li2vM095qOqinDr9boTlyeMO6gPHe9elj8s0kN4VfdBZ33rl1_Vw_w4azu1bJxMgSjAiVQQBPYozVCRGYhO9cK3MxSKdgZKAheBtEnI2FqBCoN4fGUY5Tw:1kTrmI:fJWkG4fpizpn8KGfbv4lELQhQRgHWEvE_Be12SbgeyA", "expire_date": "2020-10-31T19:22:06.509Z"}}, {"model": "sessions.session", "pk": "86rduydpvqmywvomhmw5j64pkc1q6ju5", "fields": {"session_data": ".eJxVjDsOwjAQBe_iGln-sbYo6TmDtWvv4gCKpXyqiLtDpBTQvpl5m8q4Li2vM095qOqinDr9boTlyeMO6gPHe9elj8s0kN4VfdBZ33rl1_Vw_w4azu1bJxMgSjAiVQQBPYozVCRGYhO9cK3MxSKdgZKAheBtEnI2FqBCoN4fGUY5Tw:1kTvl0:R9yjoCB-s96OAyM5GOK4aCN65so_-IO5mRDEHfM1f8s", "expire_date": "2020-10-31T23:37:02.031Z"}}, {"model": "sessions.session", "pk": "9891h4pbmswvb7z5sykhbqi8s7pmgpso", "fields": {"session_data": ".eJxVjDsOwjAQBe_iGln-sbYo6TmDtWvv4gCKpXyqiLtDpBTQvpl5m8q4Li2vM095qOqinDr9boTlyeMO6gPHe9elj8s0kN4VfdBZ33rl1_Vw_w4azu1bJxMgSjAiVQQBPYozVCRGYhO9cK3MxSKdgZKAheBtEnI2FqBCoN4fGUY5Tw:1kUAYm:CmYtt00tMgSpnjshNxuR6NUJvOaCmvzkhwuey7h8GWI", "expire_date": "2020-11-01T15:25:24.365Z"}}, {"model": "sessions.session", "pk": "9mjbn25y0n0uv7hzj8vvh6pouh9u2eol", "fields": {"session_data": ".eJxVjMsOwiAQRf-FtSE8CkNduvcbyMwAUjU0Ke3K-O_apAvd3nPOfYmI21rj1vMSpyTOQitx-h0J-ZHbTtId222WPLd1mUjuijxol9c55eflcP8OKvb6rckSOzQ6-TxaGryF4gwUIAUujRhc8Zy0GzyB14EssDJBUUDLChFYvD8FMzf8:1kUFJb:l3edyXkj6GvvesnHCVUeHg6g0cC2vv3ZWrWX7NMM3ms", "expire_date": "2020-11-01T20:30:03.502Z"}}, {"model": "sessions.session", "pk": "9qp64fic1xt7j3x0xoy5aa48mk1cb2r3", "fields": {"session_data": ".eJxVjMsOwiAQRf-FtSEWOjxcuu83kGEGpGogKe3K-O_apAvd3nPOfYmA21rC1tMSZhYXAeL0u0WkR6o74DvWW5PU6rrMUe6KPGiXU-P0vB7u30HBXr61G6wGRc6TR4cMSmUV3Zg1JaMwK7RoRs35rNk5kxIycbaRABAGH1G8P-2aOMw:1kUVln:0WBK9Nc_ig3NhUQcBMbq_D6KJyesda3pF0na5ml61_A", "expire_date": "2020-11-02T14:04:15.035Z"}}, {"model": "sessions.session", "pk": "amb4ab22uzdez39fg3z93ofs3cav1ih2", "fields": {"session_data": ".eJxVjLEOwjAMRP8lM4qw04TAyM43RK7tkAJKpaadEP9OK3WA8e69u7dJtMwlLU2nNIi5GDCH364nfmrdgDyo3kfLY52nobebYnfa7G0UfV139--gUCvr2nFQROITdF5iB-JDyIIchFWO6AKquqgQMeZ8RgbnMwm7vCb2EcznC-vTOGw:1kMK5x:VjWVss7B07jfoJ5c-za0VVyPc-DdhehrVV3bRX7U-BI", "expire_date": "2020-10-10T23:59:13.398Z"}}, {"model": "sessions.session", "pk": "c64v9nbzqkp9akwnfvwl93hix5ckn3v6", "fields": {"session_data": ".eJxVjDsOwjAQBe_iGln-sbYo6TmDtWvv4gCKpXyqiLtDpBTQvpl5m8q4Li2vM095qOqinDr9boTlyeMO6gPHe9elj8s0kN4VfdBZ33rl1_Vw_w4azu1bJxMgSjAiVQQBPYozVCRGYhO9cK3MxSKdgZKAheBtEnI2FqBCoN4fGUY5Tw:1kNhBh:Qp8NuSSao76BFXNvBMTMaFUJHxuucom4Hd4fELEgiAk", "expire_date": "2020-10-14T18:50:49.038Z"}}, {"model": "sessions.session", "pk": "dbgewd0d2436b28jy3mejm5a5srog550", "fields": {"session_data": ".eJxVjDsOwjAQBe_iGln-sbYo6TmDtWvv4gCKpXyqiLtDpBTQvpl5m8q4Li2vM095qOqinDr9boTlyeMO6gPHe9elj8s0kN4VfdBZ33rl1_Vw_w4azu1bJxMgSjAiVQQBPYozVCRGYhO9cK3MxSKdgZKAheBtEnI2FqBCoN4fGUY5Tw:1kQL0F:L4Uf09Z6tdy-UM35pESyPEFwngEppJ7pjOf8zwIKi6g", "expire_date": "2020-10-22T01:45:55.736Z"}}, {"model": "sessions.session", "pk": "e5nlt4h48r6nyzblw1sawi97ebbh9yv4", "fields": {"session_data": ".eJxVjDEOwjAMRe-SGUUldtTAyM4ZIjt2SAElUtNOiLtDpQ6w_vfef5lI61Li2nWOk5izOZnD78aUHlo3IHeqt2ZTq8s8sd0Uu9Nur030edndv4NCvXzr7BCyYw8SPA4OA2fPrOTGAIzkhTHAcdDsCYNLqIlGDSAZcoIEYN4f6yE4Xg:1kTS4v:h1OxIiUkwVXaKxofhmHGe1ThHWPIM1XCzszD0MffHKA", "expire_date": "2020-10-30T15:55:37.195Z"}}, {"model": "sessions.session", "pk": "f0krb1dnexee4dg2uvd2v31s3cfu7t7q", "fields": {"session_data": ".eJxVjDsOwjAQBe_iGln-sbYo6TmDtWvv4gCKpXyqiLtDpBTQvpl5m8q4Li2vM095qOqinDr9boTlyeMO6gPHe9elj8s0kN4VfdBZ33rl1_Vw_w4azu1bJxMgSjAiVQQBPYozVCRGYhO9cK3MxSKdgZKAheBtEnI2FqBCoN4fGUY5Tw:1kNlSq:JNOljBUTt8NAWRyad1RCgLYB7C5X0Js0DUqLTcdkTYM", "expire_date": "2020-10-14T23:24:48.508Z"}}, {"model": "sessions.session", "pk": "fozc3t52pd8hcuqtz6t8xg71t3vjo9ho", "fields": {"session_data": ".eJxVjDsOwjAQBe_iGln-sbYo6TmDtWvv4gCKpXyqiLtDpBTQvpl5m8q4Li2vM095qOqinDr9boTlyeMO6gPHe9elj8s0kN4VfdBZ33rl1_Vw_w4azu1bJxMgSjAiVQQBPYozVCRGYhO9cK3MxSKdgZKAheBtEnI2FqBCoN4fGUY5Tw:1kOQw3:S9waLBBbL2v0xfT-3QhhMCxJvLcw0VSUPB3q9md-wAc", "expire_date": "2020-10-16T19:41:43.567Z"}}, {"model": "sessions.session", "pk": "j8315m1vtzjnyf702l3zrbnpvhv7mpbn", "fields": {"session_data": ".eJxVjDsOwjAQBe_iGln-sbYo6TmDtWvv4gCKpXyqiLtDpBTQvpl5m8q4Li2vM095qOqinDr9boTlyeMO6gPHe9elj8s0kN4VfdBZ33rl1_Vw_w4azu1bJxMgSjAiVQQBPYozVCRGYhO9cK3MxSKdgZKAheBtEnI2FqBCoN4fGUY5Tw:1kUAXK:AcMUla1a9WeYIe0JP3nCbxYcP8sok8ZgWAbr4YNyZpY", "expire_date": "2020-11-01T15:23:54.503Z"}}, {"model": "sessions.session", "pk": "krlytv6c3i15ytk4c8hksyywu0dqnq20", "fields": {"session_data": ".eJxVjDkOwjAUBe_iGlmOV0xJnzNYf7FxADlSnFSIu0OkFNC-mXkvkWBba9p6XtLE4iK8OP1uCPTIbQd8h3abJc1tXSaUuyIP2uU4c35eD_fvoEKv3zogKMRogqFiXRk8secSNBEUrc3ZD9YjOC6K2EbDWoF15JTRDjh6Fu8PAFg4VQ:1kOr2E:ENO6D9dsTf8SaIdRX0vFjtT-mpQTIZeD7joT7NiGubo", "expire_date": "2020-10-17T23:33:50.163Z"}}, {"model": "sessions.session", "pk": "l3grwbh8l60xmmvkcfa75rzi3hc7pexb", "fields": {"session_data": ".eJxVjDsOwjAQBe_iGln-sbYo6TmDtWvv4gCKpXyqiLtDpBTQvpl5m8q4Li2vM095qOqinDr9boTlyeMO6gPHe9elj8s0kN4VfdBZ33rl1_Vw_w4azu1bJxMgSjAiVQQBPYozVCRGYhO9cK3MxSKdgZKAheBtEnI2FqBCoN4fGUY5Tw:1kQyrA:Bfsgf_-Rkz0KnQ_8QeqY5BKd5NfXNK7x2PAt_6Hd5O0", "expire_date": "2020-10-23T20:19:12.223Z"}}, {"model": "sessions.session", "pk": "mhczidkndu3xc3y35xv5l9hhkknx5eu7", "fields": {"session_data": ".eJxVjDsOwjAQBe_iGln-sbYo6TmDtWvv4gCKpXyqiLtDpBTQvpl5m8q4Li2vM095qOqinDr9boTlyeMO6gPHe9elj8s0kN4VfdBZ33rl1_Vw_w4azu1bJxMgSjAiVQQBPYozVCRGYhO9cK3MxSKdgZKAheBtEnI2FqBCoN4fGUY5Tw:1kOkV0:2dGgZWBfuGlqf1qK3fCSKEfLD3hDDf0-Mbzyp3INmOE", "expire_date": "2020-10-17T16:35:06.548Z"}}, {"model": "sessions.session", "pk": "mm9038wov4iknktps9s1vcltfv6enoxk", "fields": {"session_data": ".eJxVjMsOwiAQRf-FtSEWOjxcuu83kGEGpGogKe3K-O_apAvd3nPOfYmA21rC1tMSZhYXAeL0u0WkR6o74DvWW5PU6rrMUe6KPGiXU-P0vB7u30HBXr61G6wGRc6TR4cMSmUV3Zg1JaMwK7RoRs35rNk5kxIycbaRABAGH1G8P-2aOMw:1kNkF9:nl4VQgz5fMWlaI2pBIjTAEaLgivkQ_WMhhDPHl6iXFk", "expire_date": "2020-10-14T22:06:35.128Z"}}, {"model": "sessions.session", "pk": "ms89ob8609l54i8b3pcs0bhzdnng3bre", "fields": {"session_data": ".eJxVjDsOwjAQBe_iGln-sbYo6TmDtWvv4gCKpXyqiLtDpBTQvpl5m8q4Li2vM095qOqinDr9boTlyeMO6gPHe9elj8s0kN4VfdBZ33rl1_Vw_w4azu1bJxMgSjAiVQQBPYozVCRGYhO9cK3MxSKdgZKAheBtEnI2FqBCoN4fGUY5Tw:1kQD1b:yNkqvwXnt5evjYKBELZ0MpjfUbWabt9Gi_NsrONNGUA", "expire_date": "2020-10-21T17:14:47.699Z"}}, {"model": "sessions.session", "pk": "mshlyrmenx45tist6o0vzmplxi939hia", "fields": {"session_data": ".eJxVjDsOwjAQBe_iGln-sbYo6TmDtWvv4gCKpXyqiLtDpBTQvpl5m8q4Li2vM095qOqinDr9boTlyeMO6gPHe9elj8s0kN4VfdBZ33rl1_Vw_w4azu1bJxMgSjAiVQQBPYozVCRGYhO9cK3MxSKdgZKAheBtEnI2FqBCoN4fGUY5Tw:1kPTjK:zdUin4MzredBCd85IzFiOZg8GXoqlmp7DX096ZtIiwk", "expire_date": "2020-10-19T16:52:54.373Z"}}, {"model": "sessions.session", "pk": "n8789w72rm5p5zb0al6lkyflop39q1z5", "fields": {"session_data": ".eJxVjDsOwjAQBe_iGln-sbYo6TmDtWvv4gCKpXyqiLtDpBTQvpl5m8q4Li2vM095qOqinDr9boTlyeMO6gPHe9elj8s0kN4VfdBZ33rl1_Vw_w4azu1bJxMgSjAiVQQBPYozVCRGYhO9cK3MxSKdgZKAheBtEnI2FqBCoN4fGUY5Tw:1kPTZ2:X1jHCmrava8w5YtXeV3e7vsjlNnIPSbrXCGIqouUmsA", "expire_date": "2020-10-19T16:42:16.521Z"}}, {"model": "sessions.session", "pk": "n8ms2c8kbqlnrpzipnrpz2x6v7ig1ly2", "fields": {"session_data": ".eJxVjDsOwjAQBe_iGln-sbYo6TmDtWvv4gCKpXyqiLtDpBTQvpl5m8q4Li2vM095qOqinDr9boTlyeMO6gPHe9elj8s0kN4VfdBZ33rl1_Vw_w4azu1bJxMgSjAiVQQBPYozVCRGYhO9cK3MxSKdgZKAheBtEnI2FqBCoN4fGUY5Tw:1kO18l:Qrxd6XeLoV8AGugn0GjKhplrMui7JunLpfhWcCr06P0", "expire_date": "2020-10-15T16:09:07.579Z"}}, {"model": "sessions.session", "pk": "nhle45jzmxeirfqnpx7pbl5f8gqc3hbl", "fields": {"session_data": ".eJxVjDsOwjAQBe_iGln-sbYo6TmDtWvv4gCKpXyqiLtDpBTQvpl5m8q4Li2vM095qOqinDr9boTlyeMO6gPHe9elj8s0kN4VfdBZ33rl1_Vw_w4azu1bJxMgSjAiVQQBPYozVCRGYhO9cK3MxSKdgZKAheBtEnI2FqBCoN4fGUY5Tw:1kUA1U:4H79mJXvT5t6Qv7esGmiFvXD6OQ9KRE7YJ-NAdcs_g0", "expire_date": "2020-11-01T14:51:00.242Z"}}, {"model": "sessions.session", "pk": "nhvn8jdgiw3rglbze2ldn4dw4f7tobq8", "fields": {"session_data": ".eJxVjDsOwjAQBe_iGln-sbYo6TmDtWvv4gCKpXyqiLtDpBTQvpl5m8q4Li2vM095qOqinDr9boTlyeMO6gPHe9elj8s0kN4VfdBZ33rl1_Vw_w4azu1bJxMgSjAiVQQBPYozVCRGYhO9cK3MxSKdgZKAheBtEnI2FqBCoN4fGUY5Tw:1kNJIU:_0yAEix-KHMWTry-MZneaUGXModXdkvPd8QS9B72Fto", "expire_date": "2020-10-13T17:20:14.034Z"}}, {"model": "sessions.session", "pk": "ntk7ve5phwcda1v1x0ofq8mb3042j1k7", "fields": {"session_data": ".eJxVjDsOwjAQBe_iGln-sbYo6TmDtWvv4gCKpXyqiLtDpBTQvpl5m8q4Li2vM095qOqinDr9boTlyeMO6gPHe9elj8s0kN4VfdBZ33rl1_Vw_w4azu1bJxMgSjAiVQQBPYozVCRGYhO9cK3MxSKdgZKAheBtEnI2FqBCoN4fGUY5Tw:1kMaPm:r-j8J5Rz0G3n-pd3vXZNyfPZ-QHmxvCgKc0kAigj_WU", "expire_date": "2020-10-11T17:24:46.234Z"}}, {"model": "sessions.session", "pk": "o290pxbnvt6h0iwxkhlss6vx5zfx4a5e", "fields": {"session_data": ".eJxVjDsOwjAQBe_iGln-sbYo6TmDtWvv4gCKpXyqiLtDpBTQvpl5m8q4Li2vM095qOqinDr9boTlyeMO6gPHe9elj8s0kN4VfdBZ33rl1_Vw_w4azu1bJxMgSjAiVQQBPYozVCRGYhO9cK3MxSKdgZKAheBtEnI2FqBCoN4fGUY5Tw:1kR4lE:JvSlGuiAyO0Ot8_Md4Zsgfgylz4CtBANmGRPMQjRKD8", "expire_date": "2020-10-24T02:37:28.958Z"}}, {"model": "sessions.session", "pk": "oucqqmf7cb9z5xq9iwxovrbu568fl8kx", "fields": {"session_data": ".eJxVjDsOwjAQBe_iGln-sbYo6TmDtWvv4gCKpXyqiLtDpBTQvpl5m8q4Li2vM095qOqinDr9boTlyeMO6gPHe9elj8s0kN4VfdBZ33rl1_Vw_w4azu1bJxMgSjAiVQQBPYozVCRGYhO9cK3MxSKdgZKAheBtEnI2FqBCoN4fGUY5Tw:1kPYUt:EROLSXz75_Okqy7IgjI1fREFqOdorBJexO-s9B0WAlQ", "expire_date": "2020-10-19T21:58:19.663Z"}}, {"model": "sessions.session", "pk": "psn1xbjnkhou2k438jvza4wwjp30x7q8", "fields": {"session_data": ".eJxVjDsOwjAQBe_iGln-sbYo6TmDtWvv4gCKpXyqiLtDpBTQvpl5m8q4Li2vM095qOqinDr9boTlyeMO6gPHe9elj8s0kN4VfdBZ33rl1_Vw_w4azu1bJxMgSjAiVQQBPYozVCRGYhO9cK3MxSKdgZKAheBtEnI2FqBCoN4fGUY5Tw:1kNepo:5aIf3VCDq6ZgX4JsWMYqeA09BNLM4zUDHQk3mlGrelc", "expire_date": "2020-10-14T16:20:04.777Z"}}, {"model": "sessions.session", "pk": "sy1d1cfkvkhe9jgxn7knlq5pi3wonr7p", "fields": {"session_data": ".eJxVjDsOwjAQBe_iGln-sbYo6TmDtWvv4gCKpXyqiLtDpBTQvpl5m8q4Li2vM095qOqinDr9boTlyeMO6gPHe9elj8s0kN4VfdBZ33rl1_Vw_w4azu1bJxMgSjAiVQQBPYozVCRGYhO9cK3MxSKdgZKAheBtEnI2FqBCoN4fGUY5Tw:1kUHTp:StDXYEPVFT1tIeHRRcVO6xZ1IC2pO8Z-IxeMH5qNiw8", "expire_date": "2020-11-01T22:48:45.264Z"}}, {"model": "sessions.session", "pk": "txluckchrr9pub0otkpjvl1hx57ji8mc", "fields": {"session_data": ".eJxVjDEOwjAMRe-SGUXEbpyKkZ0zRIntkAJqpaadEHenlTrA-t77_21iWpca16ZzHMRcTGdOvywnfuq4C3mk8T5ZnsZlHrLdE3vYZm-T6Ot6tH8HNbW6rd25d8oETFQkJfaIGIgUA0MgoK5HwN4DiKKocGb2PoiDohuiYj5f1H04BQ:1kUYVw:0HIkIcaFv1H28seIa8_WQswMCiIq2GN8WxjHb0bfrfw", "expire_date": "2020-11-02T17:00:04.826Z"}}, {"model": "sessions.session", "pk": "w1x1hqgapg59z37ijiyd9y1dgrc2ct4s", "fields": {"session_data": ".eJxVjDsOwjAQBe_iGln-sbYo6TmDtWvv4gCKpXyqiLtDpBTQvpl5m8q4Li2vM095qOqinDr9boTlyeMO6gPHe9elj8s0kN4VfdBZ33rl1_Vw_w4azu1bJxMgSjAiVQQBPYozVCRGYhO9cK3MxSKdgZKAheBtEnI2FqBCoN4fGUY5Tw:1kNlE8:QBlfa0spO64ZDg80xiIRPKeIcDVFvVP-hJPMOUhHZaU", "expire_date": "2020-10-14T23:09:36.384Z"}}, {"model": "sessions.session", "pk": "ydvdo6yw5y4i2kymb5z64dm4y4718ppf", "fields": {"session_data": ".eJxVjDsOwjAQBe_iGln-sbYo6TmDtWvv4gCKpXyqiLtDpBTQvpl5m8q4Li2vM095qOqinDr9boTlyeMO6gPHe9elj8s0kN4VfdBZ33rl1_Vw_w4azu1bJxMgSjAiVQQBPYozVCRGYhO9cK3MxSKdgZKAheBtEnI2FqBCoN4fGUY5Tw:1kTsUc:ya-WrIbxnvJ29k55GJYuk6yWuQAwDyw-r904TslAAGU", "expire_date": "2020-10-31T20:07:54.366Z"}}, {"model": "sessions.session", "pk": "zd31x4zxkktok2il3prhydxq06gfsv3x", "fields": {"session_data": ".eJxVjDsOwjAQBe_iGln-sbYo6TmDtWvv4gCKpXyqiLtDpBTQvpl5m8q4Li2vM095qOqinDr9boTlyeMO6gPHe9elj8s0kN4VfdBZ33rl1_Vw_w4azu1bJxMgSjAiVQQBPYozVCRGYhO9cK3MxSKdgZKAheBtEnI2FqBCoN4fGUY5Tw:1kMxRi:P3epeTPaVA-iCP1MdG2XUAht5vhxOysz5EurTcPOy84", "expire_date": "2020-10-12T18:00:18.953Z"}}]